_id,title,description,category,price,discountedPrice,features[0],createdBy,createdAt,updatedAt,__v
69327213600b4da16344898d,paneer masala,paneer masala,693271d5600b4da163448985,220,200,"[""fresh""]",6932709e600b4da163448964,2025-12-05T05:48:03.436Z,2025-12-05T05:48:03.436Z,0
69330426db75230319953ae6,Normal Thali,"2 Tawa Roti, Seasonal Veg, Dal, Rice, Salad",69330314db75230319953aac,80,,,693182aa47d94f338957a49b,2025-12-05T16:11:18.907Z,2025-12-05T16:11:18.907Z,0
693304acdb75230319953af1,Annapoorna Thali,"4 Tawa Roti, Seasonal Veg, Dal, Rice, Salad",6932ffebdb75230319953a2d,110,,,693182aa47d94f338957a49b,2025-12-05T16:13:32.976Z,2025-12-05T16:13:32.976Z,0
693304e8db75230319953afc,Bhar Pet Thali,"4 Tawa Roti, 2 Seasonal Veg, Dal, Rice, Salad",6932ffebdb75230319953a2d,130,,,693182aa47d94f338957a49b,2025-12-05T16:14:32.301Z,2025-12-05T16:14:32.301Z,0
69330546db75230319953b07,Special Thali,"4 Tawa Roti, 1 Seasonal Veg, Dal, Rice, Salad, 1 sweet",69330314db75230319953aac,160,,,693182aa47d94f338957a49b,2025-12-05T16:16:06.443Z,2025-12-05T16:36:48.716Z,0
693305fcdb75230319953b12,Unlimited Thali,"Tawa Roti, Seasonal Veg,  Paneer Veg, Dal, Rice, Salad, 1 Sweet, Papad",69330314db75230319953aac,200,,,693182aa47d94f338957a49b,2025-12-05T16:19:08.167Z,2025-12-05T16:19:08.167Z,0
69330675db75230319953b2e,"Hakka Nodle, Panner Chilli Semi Gravy, French Fries","Hakka Nodle, Panner Chilli Semi Gravy, French Fries",69330322db75230319953ab1,150,,,693182aa47d94f338957a49b,2025-12-05T16:21:09.155Z,2025-12-05T16:21:09.155Z,0
693333f7db75230319953b84,Idli 4 Pc,Idli 4 Pc,69330275db75230319953a7f,70,,,6932709e600b4da163448964,2025-12-05T19:35:19.630Z,2025-12-05T19:35:19.630Z,0
69333416db75230319953b8f,Idli 2 pc,Idli 2 pc,69330275db75230319953a7f,50,,,6932709e600b4da163448964,2025-12-05T19:35:50.864Z,2025-12-05T19:35:50.864Z,0
69333436db75230319953b9a,Vada 4 Pc,Vada 4 Pc,69330275db75230319953a7f,80,,,6932709e600b4da163448964,2025-12-05T19:36:22.612Z,2025-12-05T19:36:22.612Z,0
6933344cdb75230319953ba5,Vada 2 Pc,Vada 2 Pc,69330275db75230319953a7f,50,,,6932709e600b4da163448964,2025-12-05T19:36:44.828Z,2025-12-05T19:36:44.828Z,0
6933346edb75230319953bb0,Plain Dosa,Plain Dosa,69330275db75230319953a7f,50,,,6932709e600b4da163448964,2025-12-05T19:37:18.417Z,2025-12-05T19:37:18.417Z,0
693334a1db75230319953bbb,Masala Dosa,Masala Dosa,69330275db75230319953a7f,80,,,6932709e600b4da163448964,2025-12-05T19:38:09.264Z,2025-12-05T19:38:09.264Z,0
693334bedb75230319953bc6,Cheese Dosa,Cheese Dosa,69330275db75230319953a7f,100,,,6932709e600b4da163448964,2025-12-05T19:38:38.285Z,2025-12-05T19:38:38.285Z,0
693334d6db75230319953bd1,Paneer Dosa,Paneer Dosa,69330275db75230319953a7f,110,,,6932709e600b4da163448964,2025-12-05T19:39:02.388Z,2025-12-05T19:39:02.388Z,0
693334f5db75230319953bdc,Butter Masala Dosa,Butter Masala Dosa,69330275db75230319953a7f,110,,,6932709e600b4da163448964,2025-12-05T19:39:33.378Z,2025-12-05T19:39:33.378Z,0
6933350cdb75230319953be7,Jini Dosa,Jini Dosa,69330275db75230319953a7f,150,,,6932709e600b4da163448964,2025-12-05T19:39:56.216Z,2025-12-05T19:39:56.216Z,0
6933352ddb75230319953bf2,Masore Masala Dosa,Masore Masala Dosa,69330275db75230319953a7f,110,,,6932709e600b4da163448964,2025-12-05T19:40:29.602Z,2025-12-05T19:40:29.602Z,0
6933354fdb75230319953bfd,Paper Masala Dosa,Paper Masala Dosa,69330275db75230319953a7f,100,,,6932709e600b4da163448964,2025-12-05T19:41:03.491Z,2025-12-05T19:41:03.491Z,0
69333578db75230319953c08,Paper Dosa,Paper Dosa,69330275db75230319953a7f,70,,,6932709e600b4da163448964,2025-12-05T19:41:44.044Z,2025-12-05T19:41:44.044Z,0
69333595db75230319953c13,Sev Dosa,Sev Dosa,69330275db75230319953a7f,70,,,6932709e600b4da163448964,2025-12-05T19:42:13.732Z,2025-12-05T19:42:13.732Z,0
693335bddb75230319953c1e,Onion Uttapam,Onion Uttapam,69330275db75230319953a7f,80,,,6932709e600b4da163448964,2025-12-05T19:42:53.161Z,2025-12-05T19:42:53.161Z,0
693335d4db75230319953c29,Tomato Uttapam,Tomato Uttapam,69330275db75230319953a7f,70,,,6932709e600b4da163448964,2025-12-05T19:43:16.998Z,2025-12-05T19:43:16.998Z,0
693335f3db75230319953c34,Masala Uttapam,Masala Uttapam,69330275db75230319953a7f,90,,,6932709e600b4da163448964,2025-12-05T19:43:47.025Z,2025-12-05T19:43:47.025Z,0
69333631db75230319953c3f,Plain Uttapam,Plain Uttapam,69330275db75230319953a7f,60,,,6932709e600b4da163448964,2025-12-05T19:44:49.561Z,2025-12-05T19:44:49.561Z,0
69333663db75230319953c4a,Aloo Paratha 2 Pc,Aloo Paratha 2 Pc,69330298db75230319953a84,80,,,6932709e600b4da163448964,2025-12-05T19:45:39.984Z,2025-12-05T19:45:39.984Z,0
6933367cdb75230319953c55,Gobhi Paratha,Gobhi Paratha,69330298db75230319953a84,90,,,6932709e600b4da163448964,2025-12-05T19:46:04.720Z,2025-12-05T19:46:04.720Z,0
69333695db75230319953c60,Mix Veg Paratha,Mix Veg Paratha,69330298db75230319953a84,100,,,6932709e600b4da163448964,2025-12-05T19:46:29.540Z,2025-12-05T19:46:29.540Z,0
693336b2db75230319953c6b,Paneer Paratha,Paneer Paratha,69330298db75230319953a84,100,,,6932709e600b4da163448964,2025-12-05T19:46:58.248Z,2025-12-05T19:46:58.248Z,0
693336d8db75230319953c76,Plain Paratha,Plain Paratha,69330298db75230319953a84,40,,,6932709e600b4da163448964,2025-12-05T19:47:36.264Z,2025-12-05T19:47:36.264Z,0
693336f6db75230319953c81,Chhole Bhature,Chhole Bhature,69330298db75230319953a84,100,,,6932709e600b4da163448964,2025-12-05T19:48:06.648Z,2025-12-05T19:48:06.648Z,0
69333711db75230319953c8c,Tea,Tea,693302aadb75230319953a89,10,,,6932709e600b4da163448964,2025-12-05T19:48:33.041Z,2025-12-05T19:48:33.041Z,0
6933372ddb75230319953c97,Masala Tea,Masala Tea,693302aadb75230319953a89,20,,,6932709e600b4da163448964,2025-12-05T19:49:01.817Z,2025-12-05T19:49:01.817Z,0
69333744db75230319953ca2,Coffee,Coffee,693302aadb75230319953a89,20,,,6932709e600b4da163448964,2025-12-05T19:49:24.749Z,2025-12-05T19:49:24.749Z,0
69333760db75230319953cad,Cold Coffee,Cold Coffee,693302aadb75230319953a89,80,,,6932709e600b4da163448964,2025-12-05T19:49:52.181Z,2025-12-05T19:49:52.181Z,0
69333775db75230319953cb8,Lemon Tea,Lemon Tea,693302aadb75230319953a89,20,,,6932709e600b4da163448964,2025-12-05T19:50:13.721Z,2025-12-05T19:50:13.721Z,0
69333793db75230319953cc3,Green Tea,Green Tea,693302aadb75230319953a89,20,,,6932709e600b4da163448964,2025-12-05T19:50:43.283Z,2025-12-05T19:50:43.283Z,0
693337badb75230319953cce,Veg Manchow Soup,Veg Manchow Soup,693302c5db75230319953a93,70,,,6932709e600b4da163448964,2025-12-05T19:51:22.309Z,2025-12-05T19:51:22.309Z,0
693337dfdb75230319953cd9,Hot And Showr Soup,Hot And Showr Soup,693302c5db75230319953a93,80,,,6932709e600b4da163448964,2025-12-05T19:51:59.877Z,2025-12-05T19:51:59.877Z,0
693337f9db75230319953ce4,Lemon Coriandor,Lemon Coriandor,693302c5db75230319953a93,90,,,6932709e600b4da163448964,2025-12-05T19:52:25.993Z,2025-12-05T19:52:25.993Z,0
69333820db75230319953cef,Sweet Corn Soup,Sweet Corn Soup,693302c5db75230319953a93,70,,,6932709e600b4da163448964,2025-12-05T19:53:04.805Z,2025-12-05T19:53:04.805Z,0
6933383bdb75230319953cfa,Veg Clear Soup,Veg Clear Soup,693302c5db75230319953a93,60,,,6932709e600b4da163448964,2025-12-05T19:53:31.957Z,2025-12-05T19:53:31.957Z,0
6933385bdb75230319953d05,Tamato Soup,Tamato Soup,693302c5db75230319953a93,60,,,6932709e600b4da163448964,2025-12-05T19:54:03.085Z,2025-12-05T19:54:03.085Z,0
69333875db75230319953d10,Tomato Soup,Tomato Soup,693302c5db75230319953a93,135,,,6932709e600b4da163448964,2025-12-05T19:54:29.903Z,2025-12-05T19:54:29.903Z,0
69333897db75230319953d1b,Cream of Tomato Soup,Cream of Tomato Soup,693302c5db75230319953a93,145,,,6932709e600b4da163448964,2025-12-05T19:55:03.179Z,2025-12-05T19:55:03.179Z,0
693338cadb75230319953d26,Mashroom Creamy Soup,Mashroom Creamy Soup,693302c5db75230319953a93,170,,,6932709e600b4da163448964,2025-12-05T19:55:54.276Z,2025-12-05T19:55:54.276Z,0
693338fcdb75230319953d31,Veg Hakka Noodles,Veg Hakka Noodles,69330174db75230319953a7a,180,,,6932709e600b4da163448964,2025-12-05T19:56:44.860Z,2025-12-05T19:56:44.860Z,0
69333912db75230319953d3c,Veg Hakka Noodles Half,Veg Hakka Noodles Half,69330174db75230319953a7a,110,,,6932709e600b4da163448964,2025-12-05T19:57:06.363Z,2025-12-05T19:57:06.363Z,0
69333939db75230319953d47,Chilli Garlic Noodles,Chilli Garlic Noodles,69330174db75230319953a7a,180,,,6932709e600b4da163448964,2025-12-05T19:57:45.786Z,2025-12-05T19:57:45.786Z,0
6933394edb75230319953d52,Chilli Garlic Noodles Half,Chilli Garlic Noodles Half,69330174db75230319953a7a,110,,,6932709e600b4da163448964,2025-12-05T19:58:06.999Z,2025-12-05T19:58:06.999Z,0
6933396adb75230319953d5d,Paneer Chilli,Paneer Chilli,69330174db75230319953a7a,180,,,6932709e600b4da163448964,2025-12-05T19:58:34.538Z,2025-12-05T19:58:34.538Z,0
69333985db75230319953d68,Paneer Chilli Half,Paneer Chilli Half,69330174db75230319953a7a,100,,,6932709e600b4da163448964,2025-12-05T19:59:01.371Z,2025-12-05T19:59:01.371Z,0
693339addb75230319953d73,Veg Chowmine,Veg Chowmine,69330174db75230319953a7a,170,,,6932709e600b4da163448964,2025-12-05T19:59:41.356Z,2025-12-05T19:59:41.356Z,0
693339c8db75230319953d7e,Veg Chowmine Half,Veg Chowmine Half,69330174db75230319953a7a,100,,,6932709e600b4da163448964,2025-12-05T20:00:08.454Z,2025-12-05T20:00:08.454Z,0
693339e8db75230319953d89,Mashroom Chilli,Mashroom Chilli,69330174db75230319953a7a,210,,,6932709e600b4da163448964,2025-12-05T20:00:40.075Z,2025-12-05T20:00:40.075Z,0
69333a01db75230319953d94,Mashroom Chilli Half,Mashroom Chilli Half,69330174db75230319953a7a,120,,,6932709e600b4da163448964,2025-12-05T20:01:05.289Z,2025-12-05T20:01:05.289Z,0
69333a20db75230319953d9f,Veg Fride Rice,Veg Fride Rice,69330174db75230319953a7a,160,,,6932709e600b4da163448964,2025-12-05T20:01:36.161Z,2025-12-05T20:01:36.161Z,0
69333a39db75230319953daa,Veg Fride Rice Half,Veg Fride Rice Half,69330174db75230319953a7a,100,,,6932709e600b4da163448964,2025-12-05T20:02:01.107Z,2025-12-05T20:02:01.107Z,0
69333a56db75230319953db5,Veg Manchurian Dry,Veg Manchurian Dry,69330174db75230319953a7a,200,,,6932709e600b4da163448964,2025-12-05T20:02:30.667Z,2025-12-05T20:02:30.667Z,0
69333a76db75230319953dc0,Paneer 65,Paneer 65,69330174db75230319953a7a,220,,,6932709e600b4da163448964,2025-12-05T20:03:02.019Z,2025-12-05T20:03:02.019Z,0
69333a94db75230319953dcb,Paneer 65 Half,Paneer 65 Half,69330174db75230319953a7a,130,,,6932709e600b4da163448964,2025-12-05T20:03:32.721Z,2025-12-05T20:03:32.721Z,0
69333acddb75230319953dd6,Spring Roll,Spring Roll,69330174db75230319953a7a,170,,,6932709e600b4da163448964,2025-12-05T20:04:29.768Z,2025-12-05T20:04:29.768Z,0
69333af0db75230319953de1,Veg Sanghai Roll,Veg Sanghai Roll,69330174db75230319953a7a,180,,,6932709e600b4da163448964,2025-12-05T20:05:04.707Z,2025-12-05T20:05:04.707Z,0
69333b0ddb75230319953dec,Baby Corn Chilli,Baby Corn Chilli,69330174db75230319953a7a,170,,,6932709e600b4da163448964,2025-12-05T20:05:33.151Z,2025-12-05T20:05:33.151Z,0
69333b2adb75230319953df7,Crispy Corn,Crispy Corn,69330174db75230319953a7a,180,,,6932709e600b4da163448964,2025-12-05T20:06:02.334Z,2025-12-05T20:06:02.334Z,0
69333b45db75230319953e02,Lovly Corn,Lovly Corn,69330174db75230319953a7a,170,,,6932709e600b4da163448964,2025-12-05T20:06:29.825Z,2025-12-05T20:06:29.825Z,0
69333b65db75230319953e0d,Golden Baby Corn,Golden Baby Corn,69330174db75230319953a7a,160,,,6932709e600b4da163448964,2025-12-05T20:07:01.229Z,2025-12-05T20:07:01.229Z,0
69333be7db75230319953e18,Mashroom Fried Rice,Mashroom Fried Rice,69330174db75230319953a7a,210,,,6932709e600b4da163448964,2025-12-05T20:09:11.259Z,2025-12-05T20:09:11.259Z,0
69333bfbdb75230319953e23,Mashroom Fried Rice Half,Mashroom Fried Rice Half,69330174db75230319953a7a,120,,,6932709e600b4da163448964,2025-12-05T20:09:31.225Z,2025-12-05T20:09:31.225Z,0
69333c24db75230319953e2e,Sezwan Fried Rice,Sezwan Fried Rice,69330174db75230319953a7a,220,,,6932709e600b4da163448964,2025-12-05T20:10:12.394Z,2025-12-05T20:10:12.394Z,0
69333c39db75230319953e39,Sezwan Fried Rice Half,Sezwan Fried Rice Half,69330174db75230319953a7a,130,,,6932709e600b4da163448964,2025-12-05T20:10:33.386Z,2025-12-05T20:10:33.386Z,0
69333c69db75230319953e44,Sezwan Mashroom Fried Rice,Sezwan Mashroom Fried Rice,69330174db75230319953a7a,230,,,6932709e600b4da163448964,2025-12-05T20:11:21.155Z,2025-12-05T20:11:21.155Z,0
69333c81db75230319953e4f,Sezwan Mashroom Fried Rice Half,Sezwan Mashroom Fried Rice Half,69330174db75230319953a7a,140,,,6932709e600b4da163448964,2025-12-05T20:11:45.278Z,2025-12-05T20:11:45.278Z,0
69333ca4db75230319953e5a,Mashroom Masala,Mashroom Masala,693302dadb75230319953a98,190,,,6932709e600b4da163448964,2025-12-05T20:12:20.700Z,2025-12-05T20:12:20.700Z,0
69333cbadb75230319953e65,Mashroom Masala Half,Mashroom Masala Half,693302dadb75230319953a98,130,,,6932709e600b4da163448964,2025-12-05T20:12:42.780Z,2025-12-05T20:12:42.780Z,0
69333ceadb75230319953e70,Mashroom Matar Masala,Mashroom Matar Masala,693302dadb75230319953a98,140,,,6932709e600b4da163448964,2025-12-05T20:13:30.343Z,2025-12-05T20:13:30.343Z,0
69333d1edb75230319953e7b,Dhingri Dorma Mashroom Paneer,Dhingri Dorma Mashroom Paneer,693302dadb75230319953a98,200,,,6932709e600b4da163448964,2025-12-05T20:14:22.867Z,2025-12-05T20:14:22.867Z,0
69333d37db75230319953e86,Dhingri Dorma Mashroom Paneer Half,Dhingri Dorma Mashroom Paneer Half,693302dadb75230319953a98,130,,,6932709e600b4da163448964,2025-12-05T20:14:47.347Z,2025-12-05T20:14:47.347Z,0
69333d5ddb75230319953e91,Mashroom Baby Corn Masala,Mashroom Baby Corn Masala,693302dadb75230319953a98,200,,,6932709e600b4da163448964,2025-12-05T20:15:25.466Z,2025-12-05T20:15:25.466Z,0
69333d7adb75230319953e9c,Mashroom Baby Corn Masala Half,Mashroom Baby Corn Masala Half,693302dadb75230319953a98,130,,,6932709e600b4da163448964,2025-12-05T20:15:54.921Z,2025-12-05T20:15:54.921Z,0
69333d9adb75230319953ea7,Palak Mashroom,Palak Mashroom,693302dadb75230319953a98,190,,,6932709e600b4da163448964,2025-12-05T20:16:26.064Z,2025-12-05T20:16:26.064Z,0
69333dbddb75230319953eb2,Palak Mashroom Half,Palak Mashroom Half,693302dadb75230319953a98,120,,,6932709e600b4da163448964,2025-12-05T20:17:01.727Z,2025-12-05T20:17:01.727Z,0
69333df1db75230319953ebd,Mashroom Corn Masala,Mashroom Corn Masala,693302dadb75230319953a98,190,,,6932709e600b4da163448964,2025-12-05T20:17:53.632Z,2025-12-05T20:17:53.632Z,0
69333e08db75230319953ec8,Mashroom Corn Masala Half,Mashroom Corn Masala Half,693302dadb75230319953a98,120,,,6932709e600b4da163448964,2025-12-05T20:18:16.558Z,2025-12-05T20:18:16.558Z,0
69343e74db75230319953ee7,Paneer Butter Masala,Paneer Butter Masala,69333338db75230319953b72,180,,,6932709e600b4da163448964,2025-12-06T14:32:20.825Z,2025-12-06T14:32:20.825Z,0
69343e89db75230319953ef2,Paneer Butter Masala Half,Paneer Butter Masala Half,69333338db75230319953b72,130,,,6932709e600b4da163448964,2025-12-06T14:32:41.236Z,2025-12-06T14:32:41.236Z,0
69343e9fdb75230319953efd,Paneer Lawabdar,Paneer Lawabdar,69333338db75230319953b72,180,,,6932709e600b4da163448964,2025-12-06T14:33:03.777Z,2025-12-06T14:33:03.777Z,0
69343eafdb75230319953f08,Paneer Lawabdar Half,Paneer Lawabdar Half,69333338db75230319953b72,130,,,6932709e600b4da163448964,2025-12-06T14:33:19.309Z,2025-12-06T14:33:19.309Z,0
69343ec8db75230319953f13,Kadai Paneer,Kadai Paneer,69333338db75230319953b72,180,,,6932709e600b4da163448964,2025-12-06T14:33:44.422Z,2025-12-06T14:33:44.422Z,0
69343edfdb75230319953f1e,Kadai Paneer Half,Kadai Paneer Half,69333338db75230319953b72,130,,,6932709e600b4da163448964,2025-12-06T14:34:07.849Z,2025-12-06T14:34:07.849Z,0
69343efddb75230319953f29,Matar Paneer,Matar Paneer,69333338db75230319953b72,180,,,6932709e600b4da163448964,2025-12-06T14:34:37.082Z,2025-12-06T14:34:37.082Z,0
69343f12db75230319953f34,Matar Paneer Half,Matar Paneer Half,69333338db75230319953b72,130,,,6932709e600b4da163448964,2025-12-06T14:34:58.485Z,2025-12-06T14:34:58.485Z,0
69343f6bdb75230319953f3f,Veg Kadai,Veg Kadai,69333338db75230319953b72,160,,,6932709e600b4da163448964,2025-12-06T14:36:27.217Z,2025-12-06T14:36:27.217Z,0
69343f82db75230319953f4a,Veg Kadai Half,Veg Kadai Half,69333338db75230319953b72,100,,,6932709e600b4da163448964,2025-12-06T14:36:50.402Z,2025-12-06T14:36:50.402Z,0
69343fe7db75230319953f55,Mashroom Matar Masala,Mashroom Matar Masala,69333338db75230319953b72,200,,,6932709e600b4da163448964,2025-12-06T14:38:31.021Z,2025-12-06T14:38:31.021Z,0
693445c1db75230319953f74,Paneer Kaju Masala,Paneer Kaju Masala,69333338db75230319953b72,200,,,6932709e600b4da163448964,2025-12-06T15:03:29.278Z,2025-12-06T15:03:29.278Z,0
693445d7db75230319953f7f,Paneer Kaju Masala Half,Paneer Kaju Masala Half,69333338db75230319953b72,140,,,6932709e600b4da163448964,2025-12-06T15:03:51.383Z,2025-12-06T15:03:51.383Z,0
693445efdb75230319953f8a,Paneer Makhani,Paneer Makhani,69333338db75230319953b72,180,,,6932709e600b4da163448964,2025-12-06T15:04:15.985Z,2025-12-06T15:04:15.985Z,0
6934473ddb75230319953f97,Palak Paneer Lashani,Palak Paneer Lashani,69333338db75230319953b72,180,,,6932709e600b4da163448964,2025-12-06T15:09:49.272Z,2025-12-06T15:09:49.272Z,0
69344766db75230319953fa2,Palak Paneer Lashani Half,Palak Paneer Lashani Half,69333338db75230319953b72,130,,,6932709e600b4da163448964,2025-12-06T15:10:30.472Z,2025-12-06T15:10:30.472Z,0
69344798db75230319953fad,Palak Paneer,Palak Paneer,69333338db75230319953b72,180,,,6932709e600b4da163448964,2025-12-06T15:11:20.926Z,2025-12-06T15:11:20.926Z,0
693447a7db75230319953fb8,Palak Paneer Half,Palak Paneer Half,69333338db75230319953b72,130,,,6932709e600b4da163448964,2025-12-06T15:11:35.505Z,2025-12-06T15:11:35.505Z,0
69344c6cdb75230319953fc5,Paneer Kolapuri,Paneer Kolapuri,69333338db75230319953b72,198,,,6932709e600b4da163448964,2025-12-06T15:31:56.074Z,2025-12-06T15:32:31.676Z,0
69344c83db75230319953fd0,Paneer Kolapuri Half,Paneer Kolapuri Half,69333338db75230319953b72,130,,,6932709e600b4da163448964,2025-12-06T15:32:19.269Z,2025-12-06T15:32:19.269Z,0
69344cdadb75230319953fe8,Paneer Lacha Masala,Paneer Lacha Masala,69333338db75230319953b72,180,,,6932709e600b4da163448964,2025-12-06T15:33:46.481Z,2025-12-06T15:33:46.481Z,0
69344cf2db75230319953ff3,Paneer Lacha Masala Half,Paneer Lacha Masala Half,69333338db75230319953b72,130,,,6932709e600b4da163448964,2025-12-06T15:34:10.610Z,2025-12-06T15:34:10.610Z,0
69344d19db75230319953ffe,Paneer Bhurji Masala,Paneer Bhurji Masala,69333338db75230319953b72,180,,,6932709e600b4da163448964,2025-12-06T15:34:49.930Z,2025-12-06T15:34:49.930Z,0
69344d29db75230319954009,Paneer Bhurji Masala Half,Paneer Bhurji Masala Half,69333338db75230319953b72,130,,,6932709e600b4da163448964,2025-12-06T15:35:05.123Z,2025-12-06T15:35:05.123Z,0
69344d47db75230319954014,Paneer Chatpata Masala,Paneer Chatpata Masala,69333338db75230319953b72,180,,,6932709e600b4da163448964,2025-12-06T15:35:35.947Z,2025-12-06T15:35:35.947Z,0
69344d5adb7523031995401f,Paneer Chatpata Masala Half,Paneer Chatpata Masala Half,69333338db75230319953b72,130,,,6932709e600b4da163448964,2025-12-06T15:35:54.700Z,2025-12-06T15:35:54.700Z,0
69344d7cdb7523031995402a,Shahi Paneer Korma,Shahi Paneer Korma,69333338db75230319953b72,200,,,6932709e600b4da163448964,2025-12-06T15:36:28.699Z,2025-12-06T15:36:28.699Z,0
69344d8edb75230319954035,Shahi Paneer Korma Half,Shahi Paneer Korma Half,69333338db75230319953b72,140,,,6932709e600b4da163448964,2025-12-06T15:36:46.593Z,2025-12-06T15:36:46.593Z,0
69344da3db75230319954040,Shahi Paneer,Shahi Paneer,69333338db75230319953b72,180,,,6932709e600b4da163448964,2025-12-06T15:37:07.799Z,2025-12-06T15:37:07.799Z,0
69344db7db7523031995404b,Shahi Paneer Half,Shahi Paneer Half,69333338db75230319953b72,130,,,6932709e600b4da163448964,2025-12-06T15:37:27.020Z,2025-12-06T15:37:27.020Z,0
69344e7edb7523031995405a,Malai Paneer Half,Malai Paneer Half,69333338db75230319953b72,130,,,6932709e600b4da163448964,2025-12-06T15:40:46.094Z,2025-12-06T15:40:46.094Z,0
69344e98db75230319954065,Mix Vex,Mix Vex,69333338db75230319953b72,160,,,6932709e600b4da163448964,2025-12-06T15:41:12.228Z,2025-12-06T15:41:12.228Z,0
69344ef5db75230319954070,Mix Vex Half,Mix Vex Half,69333338db75230319953b72,100,,,6932709e600b4da163448964,2025-12-06T15:42:45.313Z,2025-12-06T15:42:45.313Z,0
69344f09db7523031995407b,Kadai Veg,Kadai Veg,69333338db75230319953b72,160,,,6932709e600b4da163448964,2025-12-06T15:43:05.207Z,2025-12-06T15:43:05.207Z,0
69344f18db75230319954086,Kadai Veg Half,Kadai Veg Half,69333338db75230319953b72,100,,,6932709e600b4da163448964,2025-12-06T15:43:20.645Z,2025-12-06T15:43:20.645Z,0
69344f2cdb75230319954091,Veg Masala,Veg Masala,69333338db75230319953b72,160,,,6932709e600b4da163448964,2025-12-06T15:43:40.180Z,2025-12-06T15:43:40.180Z,0
69344f9adb7523031995409e,Veg Masala Half,Veg Masala Half,69333338db75230319953b72,100,,,6932709e600b4da163448964,2025-12-06T15:45:30.359Z,2025-12-06T15:45:30.359Z,0
69344fb7db752303199540a2,Veg Masala Half,Veg Masala Half,69333338db75230319953b72,100,,,6932709e600b4da163448964,2025-12-06T15:45:59.037Z,2025-12-06T15:45:59.037Z,0
69344fd5db752303199540ad,Veg Chatpata,Veg Chatpata,69333338db75230319953b72,160,,,6932709e600b4da163448964,2025-12-06T15:46:29.930Z,2025-12-06T15:46:29.930Z,0
69344ff0db752303199540b8,Veg Chatpata Half,Veg Chatpata Half,69333338db75230319953b72,100,,,6932709e600b4da163448964,2025-12-06T15:46:56.578Z,2025-12-06T15:46:56.578Z,0
6934500cdb752303199540c3,Veg Chulbuli,Veg Chulbuli,69333338db75230319953b72,160,,,6932709e600b4da163448964,2025-12-06T15:47:24.773Z,2025-12-06T15:47:24.773Z,0
69345046db752303199540ce,Veg Chulbuli Half,Veg Chulbuli Half,69333338db75230319953b72,100,,,6932709e600b4da163448964,2025-12-06T15:48:22.324Z,2025-12-06T15:48:22.324Z,0
6934506adb752303199540d9,Bhindi Masala,Bhindi Masala,69333338db75230319953b72,160,,,6932709e600b4da163448964,2025-12-06T15:48:58.327Z,2025-12-06T15:48:58.327Z,0
69345081db752303199540e4,Bhindi Masala Half,Bhindi Masala Half,69333338db75230319953b72,100,,,6932709e600b4da163448964,2025-12-06T15:49:21.133Z,2025-12-06T15:49:21.133Z,0
693450abdb752303199540ef,Bhindi Do Pyazza,Bhindi Do Pyazza,69333338db75230319953b72,160,,,6932709e600b4da163448964,2025-12-06T15:50:03.915Z,2025-12-06T15:50:03.915Z,0
693450badb752303199540fa,Bhindi Do Pyazza Half,Bhindi Do Pyazza Half,69333338db75230319953b72,100,,,6932709e600b4da163448964,2025-12-06T15:50:18.518Z,2025-12-06T15:50:18.518Z,0
693450d8db75230319954105,Bhindi Chatpata,Bhindi Chatpata,69333338db75230319953b72,160,,,6932709e600b4da163448964,2025-12-06T15:50:48.235Z,2025-12-06T15:50:48.235Z,0
693450e4db75230319954110,Bhindi Chatpata Half,Bhindi Chatpata Half,69333338db75230319953b72,100,,,6932709e600b4da163448964,2025-12-06T15:51:00.406Z,2025-12-06T15:51:00.406Z,0
6934510ddb7523031995411b,Aaloo Gobhi Matar Masala,Aaloo Gobhi Matar Masala,69333338db75230319953b72,170,,,6932709e600b4da163448964,2025-12-06T15:51:41.129Z,2025-12-06T15:51:41.129Z,0
69345121db75230319954126,Aaloo Gobhi Matar Masala Half,Aaloo Gobhi Matar Masala Half,69333338db75230319953b72,100,,,6932709e600b4da163448964,2025-12-06T15:52:01.659Z,2025-12-06T15:52:01.659Z,0
69345149db75230319954131,Aaloo Dum Masala,Aaloo Dum Masala,69333338db75230319953b72,160,,,6932709e600b4da163448964,2025-12-06T15:52:41.430Z,2025-12-06T15:52:41.430Z,0
69345159db7523031995413c,Aaloo Dum Masala Half,Aaloo Dum Masala Half,69333338db75230319953b72,100,,,6932709e600b4da163448964,2025-12-06T15:52:57.050Z,2025-12-06T15:52:57.050Z,0
6934517bdb75230319954147,Aaloo Gobhi Ki sabji,Aaloo Gobhi Ki sabji,69333338db75230319953b72,160,,,6932709e600b4da163448964,2025-12-06T15:53:31.233Z,2025-12-06T15:53:31.233Z,0
69345191db75230319954152,Aaloo Gobhi Ki sabji Half,Aaloo Gobhi Ki sabji Half,69333338db75230319953b72,100,,,6932709e600b4da163448964,2025-12-06T15:53:53.951Z,2025-12-06T15:53:53.951Z,0
693451a7db7523031995415d,Aaloo jeera,Aaloo jeera,69333338db75230319953b72,160,,,6932709e600b4da163448964,2025-12-06T15:54:15.491Z,2025-12-06T15:54:15.491Z,0
693451b4db75230319954168,Aaloo jeera Half,Aaloo jeera Half,69333338db75230319953b72,100,,,6932709e600b4da163448964,2025-12-06T15:54:28.271Z,2025-12-06T15:54:28.271Z,0
693451cbdb75230319954173,Dum Aaloo Punjabi,Dum Aaloo Punjabi,69333338db75230319953b72,170,,,6932709e600b4da163448964,2025-12-06T15:54:51.901Z,2025-12-06T15:54:51.901Z,0
6934525cdb75230319954182,Dum Aaloo Banarasi,Dum Aaloo Banarasi,69333338db75230319953b72,170,,,6932709e600b4da163448964,2025-12-06T15:57:16.352Z,2025-12-06T15:57:16.352Z,0
693452ecdb75230319954195,Dum Aaloo Bambaiya Half,Dum Aaloo Bambaiya Half,69333338db75230319953b72,100,,,6932709e600b4da163448964,2025-12-06T15:59:40.194Z,2025-12-06T15:59:40.194Z,0
69345306db752303199541a0,Aaloo Matar,Aaloo Matar,69333338db75230319953b72,160,,,6932709e600b4da163448964,2025-12-06T16:00:06.905Z,2025-12-06T16:00:06.905Z,0
69345313db752303199541ab,Aaloo Matar Half,Aaloo Matar Half,69333338db75230319953b72,100,,,6932709e600b4da163448964,2025-12-06T16:00:19.910Z,2025-12-06T16:00:19.910Z,0
6934535edb752303199541bb,Veg Jal Fry Half,Veg Jal Fry Half,69333338db75230319953b72,110,,,6932709e600b4da163448964,2025-12-06T16:01:34.144Z,2025-12-06T16:01:34.144Z,0
69345394db752303199541c6,Dal Tadka,Dal Tadka,69333338db75230319953b72,160,,,6932709e600b4da163448964,2025-12-06T16:02:28.913Z,2025-12-06T16:02:28.913Z,0
693453eedb752303199541d1,Dal Tadka Half,Dal Tadka Half,69333338db75230319953b72,90,,,6932709e600b4da163448964,2025-12-06T16:03:58.265Z,2025-12-06T16:03:58.265Z,0
693455efdb752303199541e2,Dal fry,Dal Fry,69333338db75230319953b72,160,,,6932709e600b4da163448964,2025-12-06T16:12:31.926Z,2025-12-06T16:12:31.926Z,0
6934562edb752303199541ed,Dal fry Half,Dal fry Half,69333338db75230319953b72,90,,,6932709e600b4da163448964,2025-12-06T16:13:34.338Z,2025-12-06T16:13:34.338Z,0
69345659db752303199541f8,Lashooni Dal,Lashooni Dal,69333338db75230319953b72,160,,,6932709e600b4da163448964,2025-12-06T16:14:17.705Z,2025-12-06T16:14:17.705Z,0
6934566ddb75230319954203,Lashooni Dal Fry,Lashooni Dal Fry,69333338db75230319953b72,100,,,6932709e600b4da163448964,2025-12-06T16:14:37.232Z,2025-12-06T16:14:37.232Z,0
6934568fdb7523031995420e,Dal MaKhani,Dal MaKhani,69333338db75230319953b72,170,,,6932709e600b4da163448964,2025-12-06T16:15:11.675Z,2025-12-06T16:15:11.675Z,0
693456a6db75230319954219,Dal MaKhani Half,Dal MaKhani Half,69333338db75230319953b72,110,,,6932709e600b4da163448964,2025-12-06T16:15:34.129Z,2025-12-06T16:15:34.129Z,0
693456bfdb75230319954224,Dal Dhaba,Dal Dhaba,69333338db75230319953b72,160,,,6932709e600b4da163448964,2025-12-06T16:15:59.881Z,2025-12-06T16:15:59.881Z,0
693456d1db7523031995422f,Dal Dhaba Half,Dal Dhaba Half,69333338db75230319953b72,100,,,6932709e600b4da163448964,2025-12-06T16:16:17.908Z,2025-12-06T16:16:17.908Z,0
693456f4db7523031995423a,Dal Palak,Dal Palak,69333338db75230319953b72,170,,,6932709e600b4da163448964,2025-12-06T16:16:52.761Z,2025-12-06T16:16:52.761Z,0
69345713db75230319954245,Dal Palak Half,Dal Palak Half,69333338db75230319953b72,100,,,6932709e600b4da163448964,2025-12-06T16:17:23.441Z,2025-12-06T16:17:23.441Z,0
6934572adb75230319954250,Dal Khichdi Masala,Dal Khichdi Masala,69333338db75230319953b72,190,,,6932709e600b4da163448964,2025-12-06T16:17:46.112Z,2025-12-06T16:17:46.112Z,0
6934573adb7523031995425b,Dal Khichdi Masala Half,Dal Khichdi Masala Half,69333338db75230319953b72,100,,,6932709e600b4da163448964,2025-12-06T16:18:02.286Z,2025-12-06T16:18:02.286Z,0
6934574cdb75230319954266,Dal Khichdi,Dal Khichdi,69333338db75230319953b72,160,,,6932709e600b4da163448964,2025-12-06T16:18:20.115Z,2025-12-06T16:18:20.115Z,0
69345769db75230319954271,Dal Khichdi Half,Dal Khichdi Half,69333338db75230319953b72,90,,,6932709e600b4da163448964,2025-12-06T16:18:49.106Z,2025-12-06T16:18:49.106Z,0
6934577ddb7523031995427c,Steam Rice,Steam Rice,693302e8db75230319953a9d,110.01,,,6932709e600b4da163448964,2025-12-06T16:19:09.370Z,2025-12-06T16:19:09.370Z,0
6934578edb75230319954287,Steam Rice Half,Steam Rice Half,69333338db75230319953b72,60,,,6932709e600b4da163448964,2025-12-06T16:19:26.224Z,2025-12-06T16:19:26.224Z,0
693457bcdb75230319954292,Jeera Rice,Jeera Rice,69333338db75230319953b72,160,,,6932709e600b4da163448964,2025-12-06T16:20:12.956Z,2025-12-06T16:20:12.956Z,0
69345902db7523031995429d,Jeera Rice Half,Jeera Rice Half,693302e8db75230319953a9d,90,,,6932709e600b4da163448964,2025-12-06T16:25:38.880Z,2025-12-07T05:40:26.187Z,0
69351323db752303199542ac,Veg Pulav,Veg Pulav,693302e8db75230319953a9d,190,,,6932709e600b4da163448964,2025-12-07T05:39:47.516Z,2025-12-07T05:39:47.516Z,0
69351371db752303199542c4,Veg Pulav Half,Veg Pulav Half,693302e8db75230319953a9d,120,,,6932709e600b4da163448964,2025-12-07T05:41:05.179Z,2025-12-07T05:41:05.179Z,0
69351385db752303199542cf,Matar Pulav,Matar Pulav,693302e8db75230319953a9d,180,,,6932709e600b4da163448964,2025-12-07T05:41:25.537Z,2025-12-07T05:41:25.537Z,0
6935139bdb752303199542da,Matar Pulav Half,Matar Pulav Half,693302e8db75230319953a9d,100,,,6932709e600b4da163448964,2025-12-07T05:41:47.409Z,2025-12-07T05:41:47.409Z,0
693513b5db752303199542e5,Veg Haydrabadi Biryani,Veg Haydrabadi Biryani,693302e8db75230319953a9d,200,,,6932709e600b4da163448964,2025-12-07T05:42:13.764Z,2025-12-07T05:42:13.764Z,0
693513c8db752303199542f0,Veg Haydrabadi Biryani Half,Veg Haydrabadi Biryani Half,693302e8db75230319953a9d,150,,,6932709e600b4da163448964,2025-12-07T05:42:32.505Z,2025-12-07T05:42:32.505Z,0
693513dfdb752303199542fb,Veg Biryani,Veg Biryani,693302e8db75230319953a9d,200,,,6932709e600b4da163448964,2025-12-07T05:42:55.089Z,2025-12-07T05:42:55.089Z,0
693513f0db75230319954306,Veg Biryani Half,Veg Biryani Half,693302e8db75230319953a9d,130,,,6932709e600b4da163448964,2025-12-07T05:43:12.383Z,2025-12-07T05:43:12.383Z,0
69351408db75230319954311,Veg Kolkata Biryani,Veg Kolkata Biryani,693302e8db75230319953a9d,200,,,6932709e600b4da163448964,2025-12-07T05:43:36.109Z,2025-12-07T05:43:36.109Z,0
6935141cdb7523031995431c,Veg Kolkata Biryani Half,Veg Kolkata Biryani Half,693302e8db75230319953a9d,150,,,6932709e600b4da163448964,2025-12-07T05:43:56.078Z,2025-12-07T05:43:56.078Z,0
69351437db75230319954327,Veg Lakhnavi Biryani,Veg Lakhnavi Biryani,693302e8db75230319953a9d,200,,,6932709e600b4da163448964,2025-12-07T05:44:23.289Z,2025-12-07T05:44:23.289Z,0
69351449db75230319954332,Veg Lakhnavi Biryani Half,Veg Lakhnavi Biryani Half,693302e8db75230319953a9d,150,,,6932709e600b4da163448964,2025-12-07T05:44:41.994Z,2025-12-07T05:44:41.994Z,0
69351477db7523031995433d,Tripple Sezwan Fried Rice,Tripple Sezwan Fried Rice,693302e8db75230319953a9d,200,,,6932709e600b4da163448964,2025-12-07T05:45:27.411Z,2025-12-07T05:45:27.411Z,0
693514a2db75230319954348,Tawa Roti,Tawa Roti,693302f5db75230319953aa2,10,,,6932709e600b4da163448964,2025-12-07T05:46:10.679Z,2025-12-07T05:46:10.679Z,0
693514bcdb75230319954353,Butter Tawa Roti,Butter Tawa Roti,693302f5db75230319953aa2,15,,,6932709e600b4da163448964,2025-12-07T05:46:36.405Z,2025-12-07T05:46:36.405Z,0
693514dadb7523031995435e,Plain Nan,Plain Nan,693302f5db75230319953aa2,25,,,6932709e600b4da163448964,2025-12-07T05:47:06.020Z,2025-12-07T05:47:06.020Z,0
693514f8db75230319954369,Butter Nan,Butter Nan,693302f5db75230319953aa2,30,,,6932709e600b4da163448964,2025-12-07T05:47:36.435Z,2025-12-07T05:47:36.435Z,0
69351515db75230319954374,Tandori Roti,Tandori Roti,693302f5db75230319953aa2,20,,,6932709e600b4da163448964,2025-12-07T05:48:05.187Z,2025-12-07T05:48:05.187Z,0
6935152cdb7523031995437f,Butter Tandori Roti,Butter Tandori Roti,693302f5db75230319953aa2,25.01,,,6932709e600b4da163448964,2025-12-07T05:48:28.737Z,2025-12-07T05:48:28.737Z,0
6935154edb7523031995438a,Lachha Paratha,Lachha Paratha,693302f5db75230319953aa2,40,,,6932709e600b4da163448964,2025-12-07T05:49:02.430Z,2025-12-07T05:49:02.430Z,0
69351577db75230319954395,Garlic Nan,Garlic Nan,693302f5db75230319953aa2,40,,,6932709e600b4da163448964,2025-12-07T05:49:43.394Z,2025-12-07T05:49:43.394Z,0
6935158cdb752303199543a0,Cheese Nan,Cheese Nan,693302f5db75230319953aa2,50,,,6932709e600b4da163448964,2025-12-07T05:50:04.905Z,2025-12-07T05:50:04.905Z,0
693515a9db752303199543ab,Kashmiri Nan,Kashmiri Nan,693302f5db75230319953aa2,60,,,6932709e600b4da163448964,2025-12-07T05:50:33.491Z,2025-12-07T05:50:33.491Z,0
693515d1db752303199543b6,Paneer Kulcha,Paneer Kulcha,693302f5db75230319953aa2,50,,,6932709e600b4da163448964,2025-12-07T05:51:13.431Z,2025-12-07T05:51:13.431Z,0
693515e8db752303199543c1,Veg Kulcha,Veg Kulcha,693302f5db75230319953aa2,40,,,6932709e600b4da163448964,2025-12-07T05:51:36.742Z,2025-12-07T05:51:36.742Z,0
69351601db752303199543cc,Veg kulcha,Veg kulcha,693302f5db75230319953aa2,40,,,6932709e600b4da163448964,2025-12-07T05:52:01.655Z,2025-12-07T05:52:01.655Z,0
6935161fdb752303199543d7,Aaloo kulcha,Aaloo kulcha,693302f5db75230319953aa2,30,,,6932709e600b4da163448964,2025-12-07T05:52:31.535Z,2025-12-07T05:52:31.535Z,0
69351646db752303199543e2,Kashmiri Kulcha Nan,Kashmiri Kulcha Nan,693302f5db75230319953aa2,60,,,6932709e600b4da163448964,2025-12-07T05:53:10.895Z,2025-12-07T05:53:10.895Z,0
69351659db752303199543ed,Roti Basket,Roti Basket,693302f5db75230319953aa2,100,,,6932709e600b4da163448964,2025-12-07T05:53:29.799Z,2025-12-07T05:53:29.799Z,0
6935168adb752303199543f8,Gulab Jamun (2pc),Gulab Jamun,69330302db75230319953aa7,40,,,6932709e600b4da163448964,2025-12-07T05:54:18.616Z,2025-12-07T05:54:18.616Z,0
6935173edb75230319954403,Margherita Pizza Medium,Margherita Pizza Medium,69333393db75230319953b77,120,,,6932709e600b4da163448964,2025-12-07T05:57:18.214Z,2025-12-07T05:57:18.214Z,0
6935175cdb7523031995440e,Pappe Paneer Pizza Medium,Pappe Paneer Pizza,69333393db75230319953b77,130,,,6932709e600b4da163448964,2025-12-07T05:57:48.378Z,2025-12-07T05:57:48.378Z,0
6935177cdb75230319954419,Maxican Pizza Medium,Maxican Pizza Medium,69333393db75230319953b77,120,,,6932709e600b4da163448964,2025-12-07T05:58:20.613Z,2025-12-07T05:58:20.613Z,0
6935179cdb75230319954424,Shroom Pizza Medium,Shroom Pizza Medium,69333393db75230319953b77,140,,,6932709e600b4da163448964,2025-12-07T05:58:52.663Z,2025-12-07T05:58:52.663Z,0
693517b4db7523031995442f,Chease Corn Pizza,Chease Corn Pizza,69333393db75230319953b77,110,,,6932709e600b4da163448964,2025-12-07T05:59:16.112Z,2025-12-07T05:59:16.112Z,0
693517d3db7523031995443a,4 season Pizza Medium,4 season Pizza Medium,69333393db75230319953b77,120,,,6932709e600b4da163448964,2025-12-07T05:59:47.965Z,2025-12-07T05:59:47.965Z,0
693517ecdb75230319954445,Veg Paradise Pizza,Veg Paradise Pizza,69333393db75230319953b77,160,,,6932709e600b4da163448964,2025-12-07T06:00:12.672Z,2025-12-07T06:00:12.672Z,0
69351812db75230319954450,Normal Thali,Normal Thali,69330314db75230319953aac,80,,,6932709e600b4da163448964,2025-12-07T06:00:50.934Z,2025-12-07T06:00:50.934Z,0
6935182bdb7523031995445b,Annaporna Thali,Annaporna Thali,69330314db75230319953aac,110,,,6932709e600b4da163448964,2025-12-07T06:01:15.010Z,2025-12-07T06:01:15.010Z,0
69351841db75230319954466,Bhar Pet Thali,Bhar Pet Thali,69330314db75230319953aac,130,,,6932709e600b4da163448964,2025-12-07T06:01:37.335Z,2025-12-07T06:01:37.335Z,0
69351859db75230319954471,Special Thali,Special Thali,69330314db75230319953aac,160,,,6932709e600b4da163448964,2025-12-07T06:02:01.724Z,2025-12-07T06:02:01.724Z,0
6935186edb7523031995447c,Unlimited Thali,Unlimited Thali,69330314db75230319953aac,200,,,6932709e600b4da163448964,2025-12-07T06:02:22.178Z,2025-12-07T06:02:22.178Z,0
693518acdb75230319954487,"Hakka Noodles, Paneer Chilli, French Fries","Hakka Noodles, Paneer Chilli, French Fries",69330322db75230319953ab1,150,,,6932709e600b4da163448964,2025-12-07T06:03:24.854Z,2025-12-07T06:03:24.854Z,0
693518cfdb75230319954492,"Hakka Noodles, Manchurian, French Fries","Hakka Noodles, Manchurian, French Fries",69330322db75230319953ab1,150,,,6932709e600b4da163448964,2025-12-07T06:03:59.982Z,2025-12-07T06:03:59.982Z,0
69351910db7523031995449d,"Veg Fried Rice, Paneer Chilli, French Fries","Veg Fried Rice, Paneer Chilli, French Fries",69330322db75230319953ab1,150,,,6932709e600b4da163448964,2025-12-07T06:05:04.734Z,2025-12-07T06:05:04.734Z,0
6935192cdb752303199544a8,"Veg Fried Rice, Manchurian, French Fries","Veg Fried Rice, Manchurian, French Fries",69330322db75230319953ab1,150,,,6932709e600b4da163448964,2025-12-07T06:05:32.022Z,2025-12-07T06:05:32.022Z,0
6935195ddb752303199544b3,Sezwan Fried Rice With  Manchurian,Sezwan Fried Rice With  Manchurian,69330322db75230319953ab1,200,,,6932709e600b4da163448964,2025-12-07T06:06:21.329Z,2025-12-07T06:06:21.329Z,0
69351984db752303199544be,Sezwan Fried Rice With  Paneer Chilli,Sezwan Fried Rice With  Paneer Chilli,69330322db75230319953ab1,200,,,6932709e600b4da163448964,2025-12-07T06:07:00.640Z,2025-12-07T06:07:00.640Z,0
693519addb752303199544c9,"Tandori Roti, Dal Tadka","Tandori Roti, Dal Tadka",69330322db75230319953ab1,130,,,6932709e600b4da163448964,2025-12-07T06:07:41.214Z,2025-12-07T06:07:41.214Z,0
693519c6db752303199544d4,"Tandori Roti, Dal Fry","Tandori Roti, Dal Fry",69330322db75230319953ab1,120,,,6932709e600b4da163448964,2025-12-07T06:08:06.089Z,2025-12-07T06:08:06.089Z,0
693519dfdb752303199544df,Sev Toamto Sabji,Sev Toamto Sabji,69330322db75230319953ab1,100,,,6932709e600b4da163448964,2025-12-07T06:08:31.439Z,2025-12-07T06:08:31.439Z,0
693519fbdb752303199544ea,Sattvik Kaleva  Combo,Sattvik Kaleva  Combo,69330330db75230319953ab6,130,,,6932709e600b4da163448964,2025-12-07T06:08:59.307Z,2025-12-07T06:08:59.307Z,0
69351a1adb752303199544f5,Sattvik Kaleva Combo Special,Sattvik Kaleva Combo Special,69330330db75230319953ab6,150,,,6932709e600b4da163448964,2025-12-07T06:09:30.519Z,2025-12-07T06:09:30.519Z,0
69351b34db75230319954500,Water 1 litter,Water 1 litter,693333bddb75230319953b7c,20,,,6932709e600b4da163448964,2025-12-07T06:14:12.343Z,2025-12-07T06:14:12.343Z,0
69351b46db7523031995450b,Water 500ml,Water 500ml,693333bddb75230319953b7c,10,,,6932709e600b4da163448964,2025-12-07T06:14:30.244Z,2025-12-07T06:14:30.244Z,0
69351b5fdb75230319954516,Thumsup 250 ml,Thumsup 250 ml,693333bddb75230319953b7c,20,,,6932709e600b4da163448964,2025-12-07T06:14:55.845Z,2025-12-07T06:14:55.845Z,0
69351b6fdb75230319954521,Sprite 250 Ml,Sprite 250 Ml,693333bddb75230319953b7c,20,,,6932709e600b4da163448964,2025-12-07T06:15:11.738Z,2025-12-07T06:15:11.738Z,0
69351b80db7523031995452c,Limaca 250Ml,Limaca 250Ml,693333bddb75230319953b7c,20,,,6932709e600b4da163448964,2025-12-07T06:15:28.111Z,2025-12-07T06:15:28.111Z,0
69351ba1db75230319954537,Maza 250 ml,Maza 250 ml,693333bddb75230319953b7c,20,,,6932709e600b4da163448964,2025-12-07T06:16:01.609Z,2025-12-07T06:16:01.609Z,0
69351bc3db75230319954542,Fanta 250 Ml,Fanta 250 Ml,693333bddb75230319953b7c,20,,,6932709e600b4da163448964,2025-12-07T06:16:35.835Z,2025-12-07T06:16:53.397Z,0
69351c14db7523031995455a,Coca Cola 250 ml,Coca Cola 250 ml,693333bddb75230319953b7c,20,,,6932709e600b4da163448964,2025-12-07T06:17:56.659Z,2025-12-07T06:17:56.659Z,0
69351c47db75230319954565,Thumsup 500 Ml,Thumsup 500 Ml,693333bddb75230319953b7c,40,,,6932709e600b4da163448964,2025-12-07T06:18:47.412Z,2025-12-07T06:18:47.412Z,0
69351c57db75230319954570,Sprite 500 Ml,Sprite 500 Ml,693333bddb75230319953b7c,40,,,6932709e600b4da163448964,2025-12-07T06:19:03.567Z,2025-12-07T06:19:03.567Z,0
69351c8bdb7523031995457b,Maza 650 ml,Maza 650 ml,693333bddb75230319953b7c,40,,,6932709e600b4da163448964,2025-12-07T06:19:55.959Z,2025-12-07T06:19:55.959Z,0
693527ecdb752303199545ac,Poha,Poha,69330298db75230319953a84,40,,,6932709e600b4da163448964,2025-12-07T07:08:28.315Z,2025-12-07T07:08:28.315Z,0
69352841db752303199545b7,Aaloo Paratha,Aaloo Paratha,69330298db75230319953a84,80,,,6932709e600b4da163448964,2025-12-07T07:09:53.074Z,2025-12-07T07:09:53.074Z,0
69367477db75230319954f8f,Papad Dry,Papad Dry,693302aadb75230319953a89,10,,,693182aa47d94f338957a49b,2025-12-08T06:47:19.658Z,2025-12-08T06:47:19.658Z,0
69369af1db7523031995554d,Aaloo Paratha 1 pcs,Aaloo Paratha 1 pcs,69330298db75230319953a84,50,,,693182aa47d94f338957a49b,2025-12-08T09:31:29.548Z,2025-12-08T09:31:29.548Z,0
6936bb92db75230319956d10,Kulfi King,Kulfi King,6936bb5edb75230319956d08,50,,,6932709e600b4da163448964,2025-12-08T11:50:42.833Z,2025-12-08T11:50:42.833Z,0
6936bbabdb75230319956d1b,Almond Kulfi,Almond Kulfi,6936bb5edb75230319956d08,50,,,6932709e600b4da163448964,2025-12-08T11:51:07.802Z,2025-12-08T11:51:07.802Z,0
6936bc26db75230319956d26,Chocobar,Chocobar,6936bb5edb75230319956d08,30,,,6932709e600b4da163448964,2025-12-08T11:53:10.761Z,2025-12-08T11:53:10.761Z,0
6936bc38db75230319956d31,Trio,Trio,6936bb5edb75230319956d08,30,,,6932709e600b4da163448964,2025-12-08T11:53:28.268Z,2025-12-08T11:53:28.268Z,0
6936bc49db75230319956d3c,Whale,Whale,6936bb5edb75230319956d08,30,,,6932709e600b4da163448964,2025-12-08T11:53:45.257Z,2025-12-08T11:53:45.257Z,0
6936bccedb75230319956d47,Fun Whale,Fun Whale,6936bb5edb75230319956d08,30,,,6932709e600b4da163448964,2025-12-08T11:55:58.889Z,2025-12-08T11:55:58.889Z,0
6936bcebdb75230319956d52,Watermelon,Watermelon,6936bb5edb75230319956d08,25,,,6932709e600b4da163448964,2025-12-08T11:56:27.976Z,2025-12-08T11:56:27.976Z,0
6936bcffdb75230319956d5d,Little Love,Little Love,6936bb5edb75230319956d08,30,,,6932709e600b4da163448964,2025-12-08T11:56:47.146Z,2025-12-08T11:56:47.146Z,0
6936bd25db75230319956d68,Spiral Mango,Spiral Mango,6936bb5edb75230319956d08,25,,,6932709e600b4da163448964,2025-12-08T11:57:25.734Z,2025-12-08T11:57:25.734Z,0
6936bd4adb75230319956d73,Spiral wildberry,Spiral wildberry,6936bb5edb75230319956d08,25,,,6932709e600b4da163448964,2025-12-08T11:58:02.225Z,2025-12-08T11:58:02.225Z,0
6936bd60db75230319956d7e,Mini Chocobar,Mini Chocobar,6936bb5edb75230319956d08,20,,,6932709e600b4da163448964,2025-12-08T11:58:24.774Z,2025-12-08T11:58:24.774Z,0
6936bd93db75230319956d89,Likstick Apple,Likstick Apple,6936bb5edb75230319956d08,15,,,6932709e600b4da163448964,2025-12-08T11:59:15.705Z,2025-12-08T11:59:15.705Z,0
6936bda9db75230319956d94,Tripples,Tripples,6936bb5edb75230319956d08,10,,,6932709e600b4da163448964,2025-12-08T11:59:37.007Z,2025-12-08T11:59:37.007Z,0
6936bdc7db75230319956d9f,Popitos Kachha Mango,Popitos Kachha Mango,6936bb5edb75230319956d08,5,,,6932709e600b4da163448964,2025-12-08T12:00:07.329Z,2025-12-08T12:00:07.329Z,0
6936bddfdb75230319956daa,Popitos Apple,Popitos Apple,6936bb5edb75230319956d08,5,,,6932709e600b4da163448964,2025-12-08T12:00:31.999Z,2025-12-08T12:00:31.999Z,0
6936be0cdb75230319956db5,Icorn,Icorn,6936bb5edb75230319956d08,50,,,6932709e600b4da163448964,2025-12-08T12:01:16.502Z,2025-12-08T12:01:16.502Z,0
6936be26db75230319956dc0,Vanila Cup,Vanila Cup,6936bb5edb75230319956d08,20,,,6932709e600b4da163448964,2025-12-08T12:01:42.685Z,2025-12-08T12:01:42.685Z,0
6936be4edb75230319956dcb,Butterscotch,Butterscotch,6936bb5edb75230319956d08,50,,,6932709e600b4da163448964,2025-12-08T12:02:22.863Z,2025-12-08T12:02:22.863Z,0
6936be8adb75230319956dd6,Donut,Donut,6936bb5edb75230319956d08,10,,,6932709e600b4da163448964,2025-12-08T12:03:22.298Z,2025-12-08T12:03:22.298Z,0
6936be9cdb75230319956de1,Cotton Candy,Cotton Candy,6936bb5edb75230319956d08,5,,,6932709e600b4da163448964,2025-12-08T12:03:40.474Z,2025-12-08T12:03:40.474Z,0
6936beb7db75230319956dec,Choco Bites,Choco Bites,6936bb5edb75230319956d08,10,,,6932709e600b4da163448964,2025-12-08T12:04:07.762Z,2025-12-08T12:04:07.762Z,0
6936bed7db75230319956df7,Butterscotch Sandwich,Butterscotch Sandwich,6936bb5edb75230319956d08,15,,,6932709e600b4da163448964,2025-12-08T12:04:39.662Z,2025-12-08T12:04:39.662Z,0
6936beecdb75230319956e02,Merry Cream,Merry Cream,6936bb5edb75230319956d08,20,,,6932709e600b4da163448964,2025-12-08T12:05:00.897Z,2025-12-08T12:05:00.897Z,0
6936bf01db75230319956e0d,Jolly Train,Jolly Train,6936bb5edb75230319956d08,25,,,6932709e600b4da163448964,2025-12-08T12:05:21.711Z,2025-12-08T12:05:21.711Z,0
6936bf38db75230319956e18,Neapolitan,Neapolitan,6936bb5edb75230319956d08,25,,,6932709e600b4da163448964,2025-12-08T12:06:16.798Z,2025-12-08T12:06:16.798Z,0
6936bf6cdb75230319956e23,2-in-1 Mango,2-in-1 Mango,693333bddb75230319953b7c,30,,,6932709e600b4da163448964,2025-12-08T12:07:08.215Z,2025-12-08T12:07:08.215Z,0
6936bfa3db75230319956e2e,Blackcurrant,Blackcurrant,6936bb5edb75230319956d08,50,,,6932709e600b4da163448964,2025-12-08T12:08:03.491Z,2025-12-08T12:08:03.491Z,0
6936c081db75230319956e39,Masala Papad,Masala Papad,69330298db75230319953a84,30,,,6932709e600b4da163448964,2025-12-08T12:11:45.891Z,2025-12-08T12:11:45.891Z,0
6936c09ddb75230319956e44,Papad Fry,Papad Fry,69330298db75230319953a84,20,,,6932709e600b4da163448964,2025-12-08T12:12:13.140Z,2025-12-08T12:12:13.140Z,0
6936c0aedb75230319956e4f,Maza,Maza,693333bddb75230319953b7c,10,,,6932709e600b4da163448964,2025-12-08T12:12:30.742Z,2025-12-08T12:12:30.742Z,0
6936c0cedb75230319956e5a,Jeera,Jeera,693333bddb75230319953b7c,20,,,6932709e600b4da163448964,2025-12-08T12:13:02.390Z,2025-12-08T12:13:02.390Z,0
6936c0fbdb75230319956e65,Aaloo Paratha,Aaloo Paratha,69330298db75230319953a84,40,,,6932709e600b4da163448964,2025-12-08T12:13:47.565Z,2025-12-08T12:13:47.565Z,0
6936c13adb75230319956e70,Paneer Tikka,Paneer Tikka,693302b7db75230319953a8e,250,,,6932709e600b4da163448964,2025-12-08T12:14:50.819Z,2025-12-08T12:14:50.819Z,0
6936c154db75230319956e7b,Paneer Achari Tikka,Paneer Achari Tikka,693302b7db75230319953a8e,260,,,6932709e600b4da163448964,2025-12-08T12:15:16.028Z,2025-12-08T12:15:16.028Z,0
6936c16cdb75230319956e86,Paneer Haryali Tikka,Paneer Haryali Tikka,693302b7db75230319953a8e,280.01,,,6932709e600b4da163448964,2025-12-08T12:15:40.192Z,2025-12-08T12:15:40.192Z,0
6936c1b8db75230319956e8c,Malai Paneer Tikka,Malai Paneer Tikka,693302b7db75230319953a8e,280,,,6932709e600b4da163448964,2025-12-08T12:16:56.282Z,2025-12-08T12:16:56.282Z,0
6936c1e4db75230319956e97,Stuffing Paneer Tikka,Stuffing Paneer Tikka,693302b7db75230319953a8e,220,,,6932709e600b4da163448964,2025-12-08T12:17:40.026Z,2025-12-08T12:17:40.026Z,0
6936c20bdb75230319956ea2,Suffrani Paneer Tikka,Suffrani Paneer Tikka,693302b7db75230319953a8e,220,,,6932709e600b4da163448964,2025-12-08T12:18:19.237Z,2025-12-08T12:18:19.237Z,0
6936c23adb75230319956ead,Chilli Flavour Paneer Tikka,Chilli Flavour Paneer Tikka,693302b7db75230319953a8e,220,,,6932709e600b4da163448964,2025-12-08T12:19:06.585Z,2025-12-08T12:19:06.585Z,0
6936c261db75230319956eb8,Cheese Paneer Tikka,Cheese Paneer Tikka,693302b7db75230319953a8e,220,,,6932709e600b4da163448964,2025-12-08T12:19:45.534Z,2025-12-08T12:19:45.534Z,0
6936c28ddb75230319956ec3,MAshroom Tikka,MAshroom Tikka,693302b7db75230319953a8e,240,,,6932709e600b4da163448964,2025-12-08T12:20:29.158Z,2025-12-08T12:20:29.158Z,0
6936c2a9db75230319956ece,Haryali Mashroom,Haryali Mashroom,693302b7db75230319953a8e,240,,,6932709e600b4da163448964,2025-12-08T12:20:57.661Z,2025-12-08T12:20:57.661Z,0
6936c2cedb75230319956ed9,Veg seek Kabab,Veg seek Kabab,693302b7db75230319953a8e,200,,,6932709e600b4da163448964,2025-12-08T12:21:34.437Z,2025-12-08T12:21:34.437Z,0
6936c30edb75230319956ee4,Haryali Seek Kabab,Haryali Seek Kabab,693302b7db75230319953a8e,200,,,6932709e600b4da163448964,2025-12-08T12:22:38.185Z,2025-12-08T12:22:38.185Z,0
6936c32ddb75230319956eef,Babycorn Tandori,Babycorn Tandori,693302b7db75230319953a8e,180,,,6932709e600b4da163448964,2025-12-08T12:23:09.322Z,2025-12-08T12:23:09.322Z,0
6936c362db75230319956efa,Achari Tandori Baby Corn,Achari Tandori Baby Corn,693302b7db75230319953a8e,180,,,6932709e600b4da163448964,2025-12-08T12:24:02.565Z,2025-12-08T12:24:02.565Z,0
6936c381db75230319956f05,Tandori Aaloo,Tandori Aaloo,693302b7db75230319953a8e,200,,,6932709e600b4da163448964,2025-12-08T12:24:33.280Z,2025-12-08T12:24:33.280Z,0
6936c3a3db75230319956f10,Tandori Soya Chap,Tandori Soya Chap,693302b7db75230319953a8e,200,,,6932709e600b4da163448964,2025-12-08T12:25:07.598Z,2025-12-08T12:25:07.598Z,0
6936c3c2db75230319956f1b,Achari Soya Chap,Achari Soya Chap,693302b7db75230319953a8e,200,,,6932709e600b4da163448964,2025-12-08T12:25:38.829Z,2025-12-08T12:25:38.829Z,0
6936c3e5db75230319956f26,Safrani Soya Chap,Safrani Soya Chap,693302b7db75230319953a8e,200,,,6932709e600b4da163448964,2025-12-08T12:26:13.860Z,2025-12-08T12:26:13.860Z,0
6936c430db75230319956f31,Chatpata Tandori Soya Chap,Chatpata Tandori Soya Chap,693302b7db75230319953a8e,200,,,6932709e600b4da163448964,2025-12-08T12:27:28.562Z,2025-12-08T12:27:28.562Z,0
6936c457db75230319956f3c,Harabhara Kabab,Harabhara Kabab,693302b7db75230319953a8e,200,,,6932709e600b4da163448964,2025-12-08T12:28:07.438Z,2025-12-08T12:28:07.438Z,0
6936c4dcdb75230319956f5b,Plain Maggie,Plain Maggie,6936c4b0db75230319956f53,50,,,6932709e600b4da163448964,2025-12-08T12:30:20.753Z,2025-12-13T12:02:29.844Z,0
6936c4efdb75230319956f66,Masala Maggie,Masala Maggie,6936c4b0db75230319956f53,80,,,6932709e600b4da163448964,2025-12-08T12:30:39.489Z,2025-12-08T12:30:39.489Z,0
6936c506db75230319956f71,Cheese Maggie,Cheese Maggie,6936c4b0db75230319956f53,90,,,6932709e600b4da163448964,2025-12-08T12:31:02.808Z,2025-12-08T12:31:02.808Z,0
6936c556db75230319956f7c,White Souce Pasta,White Souce Pasta,6936c4a2db75230319956f4e,199,,,6932709e600b4da163448964,2025-12-08T12:32:22.797Z,2025-12-08T12:32:22.797Z,0
6936c574db75230319956f87,Red Souce Pasta,Red Souce Pasta,6936c4a2db75230319956f4e,180,,,6932709e600b4da163448964,2025-12-08T12:32:52.631Z,2025-12-08T12:32:52.631Z,0
6936c58adb75230319956f92,Pink Souce Pasta,Pink Souce Pasta,6936c4a2db75230319956f4e,190,,,6932709e600b4da163448964,2025-12-08T12:33:14.909Z,2025-12-08T12:33:14.909Z,0
6936c5bcdb75230319956f9d,Oogly Oogly Cafechino Pasta,Oogly Oogly Cafechino Pasta,6936c4a2db75230319956f4e,150,,,6932709e600b4da163448964,2025-12-08T12:34:04.291Z,2025-12-08T12:34:04.291Z,0
6936fbb8db752303199578a6,Paneer Fried Rice Half,Paneer Fried Rice Half,693302e8db75230319953a9d,120,,,693182aa47d94f338957a49b,2025-12-08T16:24:24.295Z,2025-12-08T16:24:24.295Z,0
6937d22aef310d8f3c59637a,Chach,Chach,693302aadb75230319953a89,30,,,693182aa47d94f338957a49b,2025-12-09T07:39:22.856Z,2025-12-09T07:39:22.856Z,0
6937e98eef310d8f3c596a52,Onion Tomato Rice Half,Onion Tomato Rice Half,693302e8db75230319953a9d,110,,,693182aa47d94f338957a49b,2025-12-09T09:19:10.902Z,2025-12-09T09:19:10.902Z,0
693804d0ef310d8f3c597233,Curd Half,Curd Half,693302aadb75230319953a89,20,,,693182aa47d94f338957a49b,2025-12-09T11:15:28.517Z,2025-12-09T11:15:28.517Z,0
693842beef310d8f3c597d0c,Sabji Half,Sabji Half,69333338db75230319953b72,50,,,693182aa47d94f338957a49b,2025-12-09T15:39:42.235Z,2025-12-09T15:39:42.235Z,0
693998a0ef310d8f3c59e3d2,channa chilly,channa chilly,69333338db75230319953b72,170,,,693182aa47d94f338957a49b,2025-12-10T15:58:24.821Z,2025-12-10T15:58:24.821Z,0
693a8dceef310d8f3c5a2757,Tiffin Normal Thali,Tiffin Normal Thali,69330314db75230319953aac,70,,,693182aa47d94f338957a49b,2025-12-11T09:24:30.069Z,2025-12-11T09:24:30.069Z,0
693bc871ef310d8f3c5acc6d,paneer Kolapuri,paneer Kolapuri,69333338db75230319953b72,180,,,693182aa47d94f338957a49b,2025-12-12T07:46:57.523Z,2025-12-12T07:46:57.523Z,0
6941635ac372c5bd053d5272,Lassi,Lassi,693302aadb75230319953a89,50,,,693182aa47d94f338957a49b,2025-12-16T13:49:14.277Z,2025-12-16T13:49:14.277Z,0
6942497bc372c5bd053dbc0a,Samosa 1 pc,Samosa 1 pc,69330298db75230319953a84,20,,,693182aa47d94f338957a49b,2025-12-17T06:11:09.891Z,2025-12-17T06:11:09.891Z,0
6942b506c372c5bd053dc5e2,Samosa 1 Plate,Samosa 1 Plate,69330298db75230319953a84,40,,,693182aa47d94f338957a49b,2025-12-17T13:49:59.179Z,2025-12-17T13:49:59.179Z,0
6942c773c372c5bd053e1f75,Aaloo Bhunjiya,Aaloo Bhunjiya,69333338db75230319953b72,100,,,693182aa47d94f338957a49b,2025-12-17T15:08:35.280Z,2025-12-17T15:08:35.280Z,0
69454cf67a62d4fa6c6163d0,Sabudana vada 3 pc,Sabudana vada 3 pc,69333338db75230319953b72,70,,,6944e64e976c762cbe029362,2025-12-19T13:02:46.743Z,2025-12-19T13:02:46.743Z,0
694665717a62d4fa6c61725e,Palak Matar,Palak matar,69333338db75230319953b72,180,,,6944e64e976c762cbe029362,2025-12-20T08:59:29.575Z,2025-12-20T08:59:29.575Z,0
69466dfd7a62d4fa6c617c66,Dum Aaloo Punjabi Half,Dum Aaloo Punjabi Half,69333338db75230319953b72,110,,,6944e64e976c762cbe029362,2025-12-20T09:35:57.122Z,2025-12-20T09:35:57.122Z,0
69490fec7a62d4fa6c61da09,Tomato Chatni,Tomato Chatni,69333338db75230319953b72,110,,,6944e64e976c762cbe029362,2025-12-22T09:31:24.036Z,2025-12-22T09:31:24.036Z,0
6954e971b5b473ef7d12761e,HAKKA NOODLE MASHROOM CHILLI FRENCH FRY,HAKKA NOODLE MASHROOM CHILLI FRENCH FRY,69330330db75230319953ab6,150,,,6944e64e976c762cbe029362,2025-12-31T09:14:25.040Z,2025-12-31T09:14:25.040Z,0
6954ea12b5b473ef7d127c3e,CHHACHH,CHHACHH,693302aadb75230319953a89,20,,,6944e64e976c762cbe029362,2025-12-31T09:17:06.364Z,2025-12-31T09:17:06.364Z,0
6954efaeb5b473ef7d129465,Kuchumbur Salad,Kuchumbur Salad,69333338db75230319953b72,50,,,6944e64e976c762cbe029362,2025-12-31T09:41:02.011Z,2025-12-31T09:41:02.011Z,0
6954f7edb5b473ef7d12ace7,Thumsup Ken,Kuchumbur Salad,693333bddb75230319953b7c,30,,,6944e64e976c762cbe029362,2025-12-31T10:16:13.362Z,2025-12-31T10:16:13.362Z,0
6955074ab5b473ef7d12c5ce,French Fry,French Fry,69330298db75230319953a84,100,,,6944e64e976c762cbe029362,2025-12-31T11:21:46.608Z,2025-12-31T11:21:46.608Z,0
69575fb0ac68ad8cb1a50a1a,SAMOSA PLAIN 1PC,SAMOSA PLAIN 1PC,69330298db75230319953a84,15,,,6944e64e976c762cbe029362,2026-01-02T06:03:28.797Z,2026-01-02T06:03:28.797Z,0
69578d67ac68ad8cb1a54a11,Green Salad,Green Salad,69333338db75230319953b72,50,,,6944e64e976c762cbe029362,2026-01-02T09:18:31.099Z,2026-01-02T09:18:31.099Z,0
6957d8bd3e537713ddd4749b,"Rice,Dal,Sabji Half","Rice,Dal,Sabji Half",69333338db75230319953b72,50,,,6944e64e976c762cbe029362,2026-01-02T14:39:57.026Z,2026-01-02T14:39:57.026Z,0
695a6d8d64ed4873463de04e,Diet Coke,Diet Coke,693333bddb75230319953b7c,40,,,6944e64e976c762cbe029362,2026-01-04T13:39:25.661Z,2026-01-04T13:39:25.661Z,0
